"","mean","median"
"1",6.18277377770291,7.46737106691756
"2",-0.777370412904151,0.398776119957368
"3",-6.96014419060706,-7.11597318007967
